RouterOS CCR1036-8G-2S+,6007
RouterOS CCR1036-12G-4S,5742
RouterOS x86,3671
RouterOS CCR1009-7G-1C-1S+,3408
RouterOS RB3011UiAS,2914
RouterOS CCR1016-12G,2858
RouterOS RB1100AHx2,2762
RouterOS RB951Ui-2HnD,2191
RouterOS CCR1009-8G-1S-1S+,2086
RouterOS RB2011UiAS,1896
RouterOS CCR1072-1G-8S+,1791
RouterOS RB750Gr3,1589
RouterOS RB750r2,1393
RouterOS RB450G,1173
RouterOS RB951G-2HnD,1118
RouterOS RB2011UiAS-2HnD,1027
RouterOS RB750,997
RouterOS RB941-2nD,937
RouterOS CCR1009-8G-1S,889
RouterOS CCR1016-12S-1S+,828
RouterOS RB750GL,812
RouterOS RB952Ui-5ac2nD,632
RouterOS RB2011iL,597
RouterOS RB1100x4,576
RouterOS RB951Ui-2nD,506
RouterOS RB4011iGS+,504
RouterOS RB SXT 5nD r2,439
RouterOS RB1100Dx4,435
RouterOS CHR,380
RouterOS CRS125-24G-1S,348
RouterOS CCR1009-7G-1C,306
RouterOS RBLHG5nD,294
RouterOS RB850Gx2,286
RouterOS RB960PGS,275
RouterOS RB433AH,267
RouterOS RB450Gx4,262
RouterOS RB1100AH,241
RouterOS RB1200,218
RouterOS RB760iGS,216
RouterOS RB911G-5HPacD,205
RouterOS RB1100,194
RouterOS RB962UiGS-5HacT2HnT,191
RouterOS RB750Gr2,184
RouterOS RB2011iLS,166
RouterOS RB433,164
RouterOS RB751U-2HnD,163
RouterOS RBD52G-5HacD2HnD,162
RouterOS RB912UAG-5HPnD,161
RouterOS RB951-2n,153
RouterOS RBSXT5HacD2nr2,152
RouterOS RB SXT 5HPnD,151
RouterOS RB2011UAS,148
RouterOS RB911G-5HPnD,146
RouterOS RB750UP,146
RouterOS RB2011L,131
RouterOS RB450,119
RouterOS CRS326-24G-2S+,116
RouterOS RB2011UAS-2HnD,114
RouterOS RB4011iGS+5HacQ2HnD,110
RouterOS RB711-5Hn,107
RouterOS RB750UPr2,102
RouterOS RB411,99
RouterOS CRS125-24G-1S-2HnD,96
RouterOS RBSXTsq5nD,88
RouterOS RB2011LS,69
RouterOS RB751G-2HnD,68
RouterOS RB911-5Hn,66
RouterOS RB493AH,66
RouterOS RB SXT 5HPnD r2,64
RouterOS RBSXTR,63
RouterOS RB411AH,61
RouterOS RB931-2nD,60
RouterOS RB750G,59
RouterOS RB1100Hx2,59
RouterOS RB912UAG-2HPnD,51
RouterOS RB493G,51
RouterOS RB921GS-5HPacD r2,50
RouterOS RB SXT 5HnD,47
RouterOS RB Metal 5SHPn,47
RouterOS CRS317-1G-16S+,46
RouterOS RB921UAGS-5SHPacD,43
RouterOS RB Groove 52HPn,43
RouterOS RBSXTsqG-5acD,41
RouterOS RB435G,41
RouterOS RB800,40
RouterOS RB1000,39
RouterOS RB711-5Hn-MMCX,38
RouterOS CRS109-8G-1S-2HnD,38
RouterOS RBLHG5HPnD,37
RouterOS RB922UAGS-5HPacD,36
RouterOS CRS328-24P-4S+,36
RouterOS RB SXT G-5HPnD r2,35
RouterOS RB750Pr2,33
RouterOS RB433GL,33
RouterOS RB SXT r2 5nD,31
RouterOS CRS226-24G-2S+,31
RouterOS RBDynaDishG-5HacDr3,30
RouterOS RB911-5HnD,30
RouterOS RBDisc5nD,29
RouterOS RB493,29
RouterOS RB931-2nDr2,27
RouterOS RB OmniTIK UPA-5HnD,25
RouterOS RBwAPR-2nD,24
RouterOS RBD52G-5HacD2HnD-TC,24
RouterOS RB2011UiAS-2HnD r2,24
RouterOS RB711G-5HnD,23
RouterOS RB OmniTIK U-5HnD,23
RouterOS RB433UAH,22
RouterOS RB411GL,22
RouterOS RB OmniTIK UPA-5HnD r2,21
RouterOS RB Groove A-52HPn r2,21
RouterOS RB Groove 52HPn r2,21
RouterOS RBLHGG-5acD,20
RouterOS RBLHG5HPnD-XL,19
RouterOS CRS112-8G-4S,18
RouterOS RBOmniTIKPG-5HacD,17
RouterOS RBSXTsq5HPnD,16
RouterOS RB411L,16
RouterOS RB411U,15
RouterOS RB SXT G-5HPacD r2,15
RouterOS RBOmniTIKG-5HacD,14
RouterOS RBDiscG-5acD,14
RouterOS RB SXT G-5HPacD,14
RouterOS RB711-5HnD,13
RouterOS RB711-5Hn-u.FL,13
RouterOS CRS212-1G-10S-1S+,13
RouterOS RBQRTG-2SHPnDr2,12
RouterOS RBM33G,12
RouterOS RBDisc-5nD,12
RouterOS RBSXTLTE3-7,11
RouterOS RBM11G,11
RouterOS RB921GS-5HPacD,11
RouterOS CRS112-8P-4S,11
RouterOS RBLHGG-5acD-XL,10
RouterOS RB411UAHR,10
RouterOS RB Groove A-52HPn,10
RouterOS ,10
RouterOS RBLHGG-60ad,9
RouterOS RB411AR,9
RouterOS RB OmniTIK U-5HnD r2,9
RouterOS CRS106-1C-5S,9
RouterOS RBmAP2n,8
RouterOS RBcAPGi-5acD2nD,8
RouterOS RBLHG2nD-XL,8
RouterOS RB433UL,8
RouterOS RB Groove 5Hn,8
RouterOS RBwAPG-60ad,7
RouterOS RBSXTsq2nD,7
RouterOS RBLHG2nD,7
RouterOS RB953GS-5HnT,7
RouterOS RB600A,7
RouterOS RB532A,7
RouterOS RB SXT 2nD r2,7
RouterOS CRS328-4C-20S-4S+,7
RouterOS RBwAP2nDr2,6
RouterOS RB532,6
RouterOS RB711GA-5HnD,5
RouterOS RB600,5
RouterOS RB SXT G-2HnD,5
RouterOS RB Groove A-5Hn,5
RouterOS RBwAPG-5HacT2HnD,4
RouterOS RBLHGR,4
RouterOS RBLDF-5nD,4
RouterOS RB911-5HacD,4
RouterOS RB333,4
RouterOS RB133,4
RouterOS RB SXT 2nD r3,4
RouterOS RB Groove A-2Hn,4
RouterOS RBmAP2nD,3
RouterOS RBSXTG-6HPnD,3
RouterOS RBDynaDishG-5HacDr2,3
RouterOS RB433UAHL,3
RouterOS RB433L,3
RouterOS RB411A,3
RouterOS RB SXT G-2HnD r2,3
RouterOS RB Metal G-52SHPacn,3
RouterOS RB Metal 2SHPn,3
RouterOS RBcAP2nD,2
RouterOS RBLHG-60ad,2
RouterOS RBGrooveG-52HPacn,2
RouterOS RB922UAGS-5HPacT,2
RouterOS RB921UAGS-5SHPacT,2
RouterOS RB912R-2nD,2
RouterOS RB911G-2HPnD,2
RouterOS RB711UA-2HnD,2
RouterOS RB711-2Hn,2
RouterOS RB133C3,2
RouterOS RB SXT-5D,2
RouterOS CRS305-1G-4S+,2
RouterOS RBwsAP5Hac2nD,1
RouterOS RBwAPGR-5HacD2HnD,1
RouterOS RBmAPL-2nD,1
RouterOS RBMetalG-52SHPacn,1
RouterOS RBDynaDishG-5HacD,1
RouterOS RB711A-5Hn-MMCX,1
RouterOS RB511,1
RouterOS RB miniROUTER,1
RouterOS RB SXT G-5HnD,1
RouterOS RB Groove 2Hn,1
RouterOS CRS210-8G-2S+,1
